"Timestamp","What's your name?","What's your favorite planet and why?"
"2019/09/19 12:08:40 AM GMT","gelo","earth because we live in it"
"2019/09/19 12:08:59 AM GMT","Egor","Uranus because I did a presentation on it in 3rd grade and I researched it and that was really fun and cool"
"2019/09/19 12:09:40 AM GMT","Fira","any in the Trappist-1 system because they're just hella cool"
"2019/09/19 12:09:46 AM GMT","Bella Mercurio","Earth cuz it has u ;);;););;;;) (sorry I couldn't resist the pick-up line opportunity)"
"2019/09/19 12:10:14 AM GMT","Ruby Wong","Earth because it's home"
"2019/09/19 12:10:16 AM GMT","Alex","Pluto bc I can relate to being excluded BIG TIME"
"2019/09/19 12:10:23 AM GMT","Kevin Hanyang Dong","Venus cuz it’s hot."
"2019/09/19 12:10:39 AM GMT","Quetzal Carter Oropeza","Earth because I left all my stuff there."
"2019/09/19 12:10:42 AM GMT","Luna Ragot","saturn cuz it looks really cool with its rings"
"2019/09/19 12:11:06 AM GMT","James Kwon","Neptune. I love its color. Bluer than Uranus."
"2019/09/19 12:13:39 AM GMT","Shreya Nagpal","Neptune because it's cool (that's a pun) "
"2019/09/19 12:16:21 AM GMT","Sachin Milli","Jupiter because it is big and aesthetically pleasing and has a cool name"
"2019/09/19 12:21:36 AM GMT","Ethan Ward","Earth, I live there"
"2019/09/19 12:37:34 AM GMT","Pragyan","Pluto just because it’s no longer one."