"Timestamp","What is your Berkeley student ID?","What is your first and last name?","What is your e-mail ending in berkeley.edu?","What year are you?","Are you interested in majoring/minoring in Physics or Astrophysics?","Please list the highest level math class you have completed. ","Please describe your level of programming experience.","Please briefly describe what you would like to get out of this course.","If you have a laptop, please select which type it is."
"2019/08/06 7:11:25 PM GMT","","Louis Angelo Punzalan","apunzalan@berkeley.edu","Freshman","Yes","Calculus AB","Only the class “Exploring Computer Science” in freshman year of High School","More programming experience in order to help me for my major, astrophysics","Lenovo"
"2019/08/06 7:39:05 PM GMT","","Alexandra Torres-Paramo","alextorresp@berkeley.edu","Freshman","Yes","Calculus ","No previous experience","I would like to learn the fundamentals of python as well as build friendships within the astronomy/physics community.  ","Mac"
"2019/08/07 1:24:17 AM GMT","","Alireza Ansarinik","aliansari@berkeley.edu","Freshman","Yes","Calc BC (self-studying multi currently)","Planning on self-studying programming during my time at Berkeley (I have started Python just a little bit this summer)","I want to gain major programming skills without majoring in Computer Science so this is a perfect way to do so.","Mac"
"2019/08/07 2:16:00 AM GMT","","Sachin Milli","sachinmilli@berkeley.edu","Freshman","Yes","Linear Algebra and Differential Equations","Very very little experience","In the future I hope to conduct my own research in Physics. I think programming will be an essential skill that I need to learn","Mac"
"2019/08/07 2:53:11 AM GMT","","Dylan Munt","dylankmunt@berkeley.edu","Freshman","Yes","AP Statistics ","None","Introduction to coding as well as a prior interest in Astronomy ","Windows"
"2019/08/07 4:21:11 AM GMT","","Oyundari Batbayar","oyundari.batbayar@berkeley.edu","Junior","No","Multivariable Calculus, Differential Equations, and Linear Algebra","None - a little bit of experience in R","I was always very interested in learning programming languages as I believe that it has a plethora of uses in a variety of different fields. My goal is to get introduced to Python and its applications in data analysis and mining. As I intend to continue fostering my skills to apply innovative thinking in situations as a means to overcome obstacles, I look to this course for insight and experiences to help with my intended research on social sciences.","Mac"
"2019/08/07 12:43:38 PM GMT","","Maggie Yi","myi_gomboc@berkeley.edu","Freshman","No","Abstract Algebra (at high school)","Have some experience with Arduino for high school EECS research; no experience with python","I would like to acquire some programming skills in python and see how python can be utilized in the studies of astronomy","Mac"
"2019/08/07 6:27:18 PM GMT","","Pranati Modumudi","pmodumudi@berkeley.edu","Freshman","Yes","AP Calc BC","Java and basic python","Python tools required for astronomers ","Mac"
"2019/08/08 3:23:42 AM GMT","","Yaxuan Sun","sunx.23@berkeley.edu","Freshman","I am majoring Mechanical Engineering","Linear Algebra and Differential Equations (at community college)","I am very familiar with the basic grammar of numerous languages (C,C++,Java, JavaScripts, Matlab and python). ","I really want to advance my programming skills as I am always stuck on the basic level while learning coding by myself. I also hope to prepare for advanced research and laboratory experience through this class.","Windows"
"2019/08/08 9:23:47 PM GMT","","Luna Ragot","lragot@berkeley.edu","Freshman","Yes","Math 1A","none","I know python is used in practically all astronomy and physics research so learning the basics would be incredibly useful especially since I am planning on doing research. Not only that, but I would also love to get to know people who are part of the astronomy community at cal!","Mac"
"2019/08/09 2:43:33 AM GMT","","Ruby Wong","rubywong@berkeley.edu","Senior","Yes","Math 104","None","Introduction to what programming is like in astronomy as it is my prospective minor.","Windows"
"2019/08/09 6:29:00 AM GMT","","Gerardo gutierrez","ggutierrez@berkeley.edu","Junior","Yes","Linear algebra and differential equations at my community collede","I took 1 intro to C++ class in my community college","Coding is important and I want to learn that. Also I saw you help with research and advising which I would like. Trying to see if double majoring in astrophysics as well we physics is a good idea or not","Windows"
"2019/08/10 12:28:27 PM GMT","","Fira Fatmasiefa","firafsiefa_@berkeley.edu","Freshman","Yes","High school math/A-Level math","Arduino C++ (very basic knowledge)","I am very determined to major in Astrophysics and I am aware that a lot of the upper division classes require some knowledge and skills in programming. I have very few experience with programming, 0 with Phyton, so I would love to learn that from this DeCal!","Windows"
"2019/08/13 11:57:47 AM GMT","","Hou Woei Lim","hou.woei@berkeley.edu","EAP ","Yes","[Penultimate Year] Mathematical Modelling and Analysis II","No programming experience","I have always been interested in physics and astronomy from my teenage years and I would constantly watch videos on them. As an aspiring mechanical engineer who has to collaborate with data scientist, getting involved in this DeCal will allow me to have a better appreciation and continue immersing myself learning more about data analytics and how it's transforming our lives. Through this, I can also learn how to do programming which I foresee to be an important skill in the near future. Through this DeCal, I would also like to gain a better understanding on the application of programming in mechanical systems as I foresee myself getting involved in research in either physics or mechanical engineering in the future.","Windows"
"2019/08/15 3:18:41 PM GMT","","Hanyang Dong (Preferred nickname: Kevin)","hanyangdong@berkeley.edu","Freshman","Yes","I am a incoming freshman. I have completed AP Calc BC in high school and scored a 5.","I have zero experience of using python, but I do know a little bit about Java (Just AP level, took AP CS in high school)","Hi there, I cannot express my excitement of taking this decal. It is the combination of my interest and one of the most useful tools in the world. I expect that after taking this course, I would possess an understanding about how to code with Python and more importantly how to apply Python to physics. I am really eager to learn about the power of computer on helping us explore the world of physics.","Windows"
"2019/08/20 11:57:55 PM GMT","","Hunter Hall","hall@berkeley.edu","Senior","Yes","All math reqs for astro.","Minimal — Matlab only","A good grasp on Python for the radio science lab","Mac"
"2019/08/22 10:49:32 PM GMT","","Pragyan Pandey","pragyanpandey05@berkeley.edu","Freshman","Yes","AP Calculus BC","Mysql and Java on Netbeans.","Learn Python not only for research but for a startup idea.","Mac"
"2019/08/28 1:57:39 AM GMT","3035171361","Isabelle Vazquez","isabellevazquez@berkeley.edu","Junior","Yes","linear algebra and differential equations","Beginner - I know the basics: for loop, creating functions, calling functions, assigning variables, creating strings and arrays, boolean expressions","I would like to learn different applications of python in astronomy research, as well as learn additional skills and refine the skills I have","Mac"
"2019/08/28 5:02:10 PM GMT","3034613310","Shreya Nagpal","shreyan@berkeley.edu","Freshman","Yes","Math 1B","Reasonable amount of experience in Java - taken multiple college/college-level courses using it; some experience with Python and MySQL","I’d like to refine my skills in Python in order to build a stronger application for physics/astro research positions ","Mac"
"2019/08/28 10:16:25 PM GMT","3034887220","Zeyu Ma","zeyuma@berkeley.edu","Freshman","Yes","IB Math higher level in high school"," I have very little programming experience. I only attended a few workshops and sessions hosted by UCR in high school.","I would love to learn the basic functions of Python language, and be able to apply them in software development for computational astronomy.","Windows"
"2019/08/30 8:22:23 PM GMT","3035067062","Hien Duong","Hienduong247@berkeley.edu ","Junior","Yes","Differential equations & Linear Algebra","Intro to C++, intro to Java","Skills in using Python for research","Windows"
"2019/08/31 1:06:33 AM GMT","3035186714","Egor Timatkov","egor.timatkov@berkeley.edu","Junior","Yes","Multivariable Calculus","On a scale of 0 to 10, it is a 1.","Learn enough python to apply for most research opportunities","Windows"
"2019/09/01 9:32:19 PM GMT","3032744652","Ethan Ward","ethanmward@berkeley.edu","Junior","Yes","Math 54/Physics 89","Minimal. I've done some coding in LabVIEW and started learning Python last semester.","I would like to be proficient enough to solve problems with code that I currently lack the foundation for. ","Windows"
"2019/09/05 5:07:24 PM GMT","3034276054","Carter Oropeza, Quetzal","quetzalcoatl@berkeley.edu","Sophomore","Yes","math 53","I have used python for astro research in the past, but it has been a while, and I don't recall much of the language. I have some experience coding in Ruby and making video games.","Enough understanding of Python to get involved in astrophysics research.","Windows"